epoch,loss_db,learning_rate
1,-14.517029267294268,0.01
2,-37.17455441401087,0.01
3,-37.45936910962651,0.01
4,-37.63464239879736,0.01
5,-37.751430179982826,0.01
